Column1;Column2;Column3;Column4
Username;Password;Email;Ciudad
user1;pass123;user1@example.com;CiudadA
user2;secret456;user2@example.com;CiudadB
user3;p@ssw0rd;user3@example.com;CiudadC
user4;mypass123;user4@example.com;CiudadA
user5;123abc;user5@example.com;CiudadD
user6;pa$$w0rd;user6@example.com;CiudadB
user7;qwerty;user7@example.com;CiudadE
user8;securepass;user8@example.com;CiudadC
user9;p@ssword;user9@example.com;CiudadA
user10;456789;user10@example.com;CiudadD
user11;12345678;user11@example.com;CiudadB
user12;myp@ssword;user12@example.com;CiudadE
user13;abcd1234;user13@example.com;CiudadC
user14;pass1234;user14@example.com;CiudadA
user15;7890abcd;user15@example.com;CiudadD
user16;letmein;user16@example.com;CiudadB
user17;access123;user17@example.com;CiudadE
user18;1qaz2wsx;user18@example.com;CiudadC
user19;p@ssw0rd1;user19@example.com;CiudadA
user20;111222;user20@example.com;CiudadD
user21;password1;user21@example.com;CiudadB
user22;mysecret;user22@example.com;CiudadE
user23;iloveyou;user23@example.com;CiudadC
user24;0range;user24@example.com;CiudadA
user25;sunshine;user25@example.com;CiudadD
user26;pa$$123;user26@example.com;CiudadB
user27;555666;user27@example.com;CiudadE
user28;abcdef;user28@example.com;CiudadC
user29;letmein1;user29@example.com;CiudadA
user30;1234abcd;user30@example.com;CiudadD
user31;qwerty1;user31@example.com;CiudadB
user32;12345;user32@example.com;CiudadE
user33;passw0rd;user33@example.com;CiudadC
user34;sunshine1;user34@example.com;CiudadA
user35;access456;user35@example.com;CiudadD
user36;myp@ssw0rd;user36@example.com;CiudadB
user37;abcd5678;user37@example.com;CiudadE
user38;pass12345;user38@example.com;CiudadC
user39;777888;user39@example.com;CiudadA
user40;p@ssword123;user40@example.com;CiudadD
user41;secret123;user41@example.com;CiudadB
user42;987654;user42@example.com;CiudadE
user43;qwerty123;user43@example.com;CiudadC
user44;12345abc;user44@example.com;CiudadA
user45;myp@ss123;user45@example.com;CiudadD
user46;555555;user46@example.com;CiudadB
user47;p@ssw0rd123;user47@example.com;CiudadE
user48;letmein123;user48@example.com;CiudadC
user49;abc123;user49@example.com;CiudadA
user50;sunshine123;user50@example.com;CiudadD
user51;1234abcd;user51@example.com;CiudadB
user52;myp@ssword1;user52@example.com;CiudadE
user53;password123;user53@example.com;CiudadC
user54;access1234;user54@example.com;CiudadA
user55;1qaz2wsx3;user55@example.com;CiudadD
user56;123456789;user56@example.com;CiudadB
user57;secret1;user57@example.com;CiudadE
user58;abcd123;user58@example.com;CiudadC
user59;letmein1234;user59@example.com;CiudadA
user60;qwerty1234;user60@example.com;CiudadD
user61;p@ssw0rd1234;user61@example.com;CiudadB
user62;1234567890;user62@example.com;CiudadE
user63;password1234;user63@example.com;CiudadC
user64;myp@ssw0rd1;user64@example.com;CiudadA
user65;access12345;user65@example.com;CiudadD
user66;abcdefg;user66@example.com;CiudadB
user67;87654321;user67@example.com;CiudadE
user68;iloveyou1;user68@example.com;CiudadC
user69;0range123;user69@example.com;CiudadA
user70;sunshine1234;user70@example.com;CiudadD
user71;pa$$w0rd123;user71@example.com;CiudadB
user72;999999;user72@example.com;CiudadE
user73;123qwe;user73@example.com;CiudadC
user74;letmein12345;user74@example.com;CiudadA
user75;password!;user75@example.com;CiudadD
user76;654321;user76@example.com;CiudadB
user77;access!;user77@example.com;CiudadE
user78;qwerty!;user78@example.com;CiudadC
user79;p@ssw0rd!;user79@example.com;CiudadA
user80;123!;user80@example.com;CiudadD
user81;myp@ssword!;user81@example.com;CiudadB
user82;secret!;user82@example.com;CiudadE
user83;abc!;user83@example.com;CiudadC
user84;letmein!;user84@example.com;CiudadA
user85;password!1;user85@example.com;CiudadD
user86;access!1;user86@example.com;CiudadB
user87;qwerty!1;user87@example.com;CiudadE
user88;p@ssw0rd!1;user88@example.com;CiudadC
user89;123!1;user89@example.com;CiudadA
user90;myp@ssword!1;user90@example.com;CiudadD
user91;secret!1;user91@example.com;CiudadB
user92;abc!1;user92@example.com;CiudadE
user93;letmein!1;user93@example.com;CiudadC
user94;password!2;user94@example.com;CiudadA
user95;access!2;user95@example.com;CiudadD
user96;qwerty!2;user96@example.com;CiudadB
user97;p@ssw0rd!2;user97@example.com;CiudadE
user98;123!2;user98@example.com;CiudadC
user99;myp@ssword!2;user99@example.com;CiudadA
user100;secret!2;user100@example.com;CiudadD
user101;abc!2;user101@example.com;CiudadB
user102;letmein!2;user102@example.com;CiudadE
user103;password!3;user103@example.com;CiudadC
user104;access!3;user104@example.com;CiudadA
user105;qwerty!3;user105@example.com;CiudadD
user106;p@ssw0rd!3;user106@example.com;CiudadB
user107;123!3;user107@example.com;CiudadE
user108;myp@ssword!3;user108@example.com;CiudadC
user109;secret!3;user109@example.com;CiudadA
user110;abc!3;user110@example.com;CiudadD
